{"cameraMode":{"drawMode":0,"name":"Shaded","section":"Shading Mode"},"sceneLighting":true,"audioPlay":false,"sceneViewState":{"showFog":true,"showMaterialUpdate":false,"showSkybox":true,"showFlares":true,"showImageEffects":true,"showParticleSystems":true,"showVisualEffectGraphs":true,"m_FxEnabled":false},"in2DMode":false,"pivot":{"x":-24.13715362548828,"y":-43.002685546875,"z":111.42135620117188},"rotation":{"x":-0.0024040890857577326,"y":0.06415288150310517,"z":-0.00016395392594859004,"w":-0.9979555606842041},"size":876.7711791992188,"orthographic":false}